Zini,MH,logAge,Mini,int_IMF,Mass,logL,logTe,logg,label,McoreTP,C_O,period0,period1,period2,period3,period4,pmode,Mloss,tau1m,X,Y,Xc,Xn,Xo,Cexcess,Z,mbolmag,Gmag,G_BPmag,G_RPmag,BP_RP
0.00077741,-1.3,10.04139,0.0900000036,1.0816895926,0.09,-3.202,3.4633,5.399,1,0.0,0.545,0.0,0.0,0.0,0.0,0.0,-1,-5.26e-17,0.0,0.7473,0.2518,0.0001471,3.97e-05,0.0003601,-1.0,0.0008183,12.774,30.434911770157818,32.532911770157824,29.12191177015782,3.411000000000005
0.00077741,-1.3,10.04139,0.0981631428,1.155576703,0.098,-2.982,3.4946,5.342,1,0.0,0.545,0.0,0.0,0.0,0.0,0.0,-1,-8.93e-17,0.0,0.7462,0.253,0.0001471,3.97e-05,0.0003601,-1.0,0.0008184,12.224,29.68891177015782,31.26991177015782,28.49091177015782,2.779
0.00077741,-1.3,10.04139,0.1000000089,1.1711064744,0.1,-2.935,3.5013,5.33,1,0.0,0.545,0.0,0.0,0.0,0.0,0.0,-1,-9.99e-17,0.0,0.7459,0.2533,0.0001471,3.97e-05,0.0003601,-1.0,0.0008183,12.107,29.52991177015782,31.02191177015782,28.35791177015782,2.6640000000000015
0.00077741,-1.3,10.04139,0.1199999973,1.3193154249,0.12,-2.65,3.5335,5.253,1,0.0,0.545,0.0,0.0,0.0,0.0,0.0,-1,-1.92e-16,0.0,0.7437,0.2555,0.0001471,3.97e-05,0.0003601,-1.0,0.0008184,11.396,28.62891177015782,29.78791177015782,27.57091177015782,2.2169999999999987
0.00077741,-1.3,10.04139,0.1393976957,1.4351948564,0.139,-2.474,3.549,5.204,1,0.0,0.545,0.0,0.0,0.0,0.0,0.0,-1,-2.83e-16,0.0,0.7421,0.2571,0.0001471,3.97e-05,0.0003601,-1.0,0.0008184,10.955,28.103911770157822,29.14991177015782,27.09591177015782,2.054000000000002
0.00077741,-1.3,10.04139,0.1400000006,1.4384526719,0.14,-2.469,3.5494,5.203,1,0.0,0.545,0.0,0.0,0.0,0.0,0.0,-1,-2.86e-16,0.0,0.7421,0.2571,0.0001471,3.97e-05,0.0003601,-1.0,0.0008184,10.943,28.08891177015782,29.13191177015782,27.08191177015782,2.0500000000000007
0.00077741,-1.3,10.04139,0.1599999964,1.5372931554,0.16,-2.329,3.5598,5.162,1,0.0,0.545,0.0,0.0,0.0,0.0,0.0,-1,-3.87e-16,0.0,0.7408,0.2584,0.0001471,3.97e-05,0.0003601,-1.0,0.0008184,10.593,27.68691177015782,28.66591177015782,26.70991177015782,1.9559999999999995
0.00077741,-1.3,10.04139,0.2000000179,1.6938791367,0.2,-2.109,3.5736,5.094,1,0.0,0.545,0.0,0.0,0.0,0.0,0.0,-1,-6.21e-16,0.0,0.7395,0.2597,0.0001471,3.97e-05,0.0003601,-1.0,0.0008184,10.041,27.07291177015782,27.975911770157822,26.13491177015782,1.841000000000001
0.00077741,-1.3,10.04139,0.25,1.8403257998,0.25,-1.904,3.5848,5.031,1,0.0,0.545,0.0,0.0,0.0,0.0,0.0,-1,-2.82e-16,0.0,0.7393,0.2599,0.0001471,3.97e-05,0.0003601,-1.0,0.0008184,9.529,26.51591177015782,27.36591177015782,25.606911770157822,1.7589999999999968
0.00077741,-1.3,10.04139,0.3000000417,1.9529140366,0.3,-1.747,3.5933,4.987,1,0.0,0.545,0.0,0.0,0.0,0.0,0.0,-1,-2.65e-16,0.0,0.7395,0.2597,0.0001471,3.97e-05,0.0003601,-1.0,0.0008184,9.137,26.09191177015782,26.90391177015782,25.20491177015782,1.698999999999998
0.00077741,-1.3,10.04139,0.349999994,2.0434174644,0.35,-1.62,3.6005,4.956,1,0.0,0.545,0.0,0.0,0.0,0.0,0.0,-1,-1.7e-15,0.0,0.7451,0.2541,0.0001471,3.97e-05,0.0003601,-1.0,0.0008183,8.819,25.74791177015782,26.52991177015782,24.87791177015782,1.652000000000001
0.00077741,-1.3,10.04139,0.4000000358,2.118502481,0.4,-1.473,3.6116,4.911,1,0.0,0.545,0.0,0.0,0.0,0.0,0.0,-1,-2.35e-15,0.0,0.7494,0.2498,0.0001471,3.97e-05,0.0003601,-1.0,0.0008183,8.451,25.34191177015782,26.07991177015782,24.49991177015782,1.5800000000000018
0.00077741,-1.3,10.04139,0.4500000477,2.1822809714,0.45,-1.297,3.6294,4.858,1,0.0,0.545,0.0,0.0,0.0,0.0,0.0,-1,-3.52e-15,0.0,0.7494,0.2497,0.0001471,3.97e-05,0.0003601,-1.0,0.0008184,8.013,24.84691177015782,25.51591177015782,24.04991177015782,1.466000000000001
0.00077741,-1.3,10.04139,0.5,2.2374541529,0.5,-1.097,3.6569,4.814,1,0.0,0.545,0.0,0.0,0.0,0.0,0.0,-1,-5.57e-15,0.0,0.7494,0.2497,0.0001471,3.97e-05,0.0003601,-1.0,0.0008184,7.513,24.26291177015782,24.83291177015782,23.53791177015782,1.2950000000000017
0.00077741,-1.3,10.04139,0.5500000715,2.2836583126,0.55,-0.881,3.6856,4.753,1,0.0,0.544,0.0,0.0,0.0,0.0,0.0,-1,-9.36e-15,0.0,0.7811,0.2182,0.0001298,3.505e-05,0.000318,-1.0,0.0007085,6.972,23.64291177015782,24.12191177015782,22.99191177015782,1.129999999999999
0.00077741,-1.3,10.04139,0.6000000238,2.3211213258,0.6,-0.677,3.7134,4.698,1,0.0,0.544,0.0,0.0,0.0,0.0,0.0,-1,-1.53e-14,0.0,0.7901,0.2092,0.0001252,3.382e-05,0.000307,-1.0,0.0006862,6.462,23.07991177015782,23.49091177015782,22.49091177015782,1.0
0.00077741,-1.3,10.04139,0.6149434447,2.3309671684,0.615,-0.614,3.7227,4.683,1,0.0,0.544,0.0,0.0,0.0,0.0,0.0,-1,-1.77e-14,0.0,0.7932,0.2061,0.0001237,3.341e-05,0.0003033,-1.0,0.0007021,6.305,22.91091177015782,23.300911770157818,22.34091177015782,0.9599999999999973
0.00077741,-1.3,10.04139,0.6296229959,2.3401176999,0.629,-0.552,3.7318,4.668,1,0.0,0.543,0.0,0.0,0.0,0.0,0.0,-1,-2.06e-14,0.0,0.7963,0.203,0.0001221,3.298e-05,0.0002995,-1.0,0.0006804,6.15,22.74691177015782,23.117911770157818,22.19591177015782,0.921999999999997
0.00077741,-1.3,10.04139,0.6422100663,2.34758198,0.642,-0.499,3.7394,4.654,1,0.0,0.543,0.0,0.0,0.0,0.0,0.0,-1,-2.32e-14,0.0,0.7991,0.2002,0.0001206,3.26e-05,0.0002961,-1.0,0.000715,6.017,22.60791177015782,22.96391177015782,22.07191177015782,0.892000000000003
0.00077741,-1.3,10.04139,0.6499999762,2.3520353107,0.65,-0.466,3.744,4.645,1,0.0,0.543,0.0,0.0,0.0,0.0,0.0,-1,-2.53e-14,0.0,0.8009,0.1985,0.0001197,3.236e-05,0.0002939,-1.0,0.0006625,5.934,22.52291177015782,22.86891177015782,21.99691177015782,0.8719999999999999
0.00077741,-1.3,10.04139,0.6524080038,2.3533872085,0.652,-0.455,3.7454,4.641,1,0.0,0.543,0.0,0.0,0.0,0.0,0.0,-1,-2.6e-14,0.0,0.8015,0.1978,0.0001194,3.228e-05,0.0002931,-1.0,0.0006557,5.909,22.49691177015782,22.83991177015782,21.97391177015782,0.8659999999999997
0.00077741,-1.3,10.04139,0.6665483117,2.3610996303,0.666,-0.395,3.753,4.621,1,0.0,0.543,0.0,0.0,0.0,0.0,0.0,-1,-3.03e-14,0.0,0.8056,0.1938,0.0001174,3.174e-05,0.0002883,-1.0,0.0006547,5.757,22.34291177015782,22.67091177015782,21.83691177015782,0.8339999999999996
0.00077741,-1.3,10.04139,0.6799727082,2.3680812771,0.68,-0.337,3.76,4.599,1,0.0,0.543,0.0,0.0,0.0,0.0,0.0,-1,-3.52e-14,0.0,0.8097,0.1897,0.0001153,3.12e-05,0.0002834,-1.0,0.0006547,5.612,22.19691177015782,22.50991177015782,21.70591177015782,0.804000000000002
0.00077741,-1.3,10.04139,0.6924008131,2.3742680235,0.692,-0.282,3.7663,4.577,1,0.0,0.542,0.0,0.0,0.0,0.0,0.0,-1,-4.05e-14,0.0,0.8137,0.1856,0.0001133,3.066e-05,0.0002786,-1.0,0.0006532,5.475,22.06091177015782,22.36091177015782,21.58391177015782,0.777000000000001
0.00077741,-1.3,10.04139,0.6999999881,2.3779266974,0.7,-0.248,3.7701,4.563,1,0.0,0.542,0.0,0.0,0.0,0.0,0.0,-1,-4.43e-14,0.0,0.8163,0.183,0.000112,3.032e-05,0.0002756,-1.0,0.0006547,5.389,21.975911770157822,22.26891177015782,21.50691177015782,0.7620000000000005
0.00077741,-1.3,10.04139,0.7016301155,2.3786996701,0.701,-0.24,3.7709,4.56,1,0.0,0.542,0.0,0.0,0.0,0.0,0.0,-1,-4.52e-14,0.0,0.817,0.1823,0.0001116,3.022e-05,0.0002748,-1.0,0.0006528,5.371,21.95791177015782,22.24991177015782,21.49091177015782,0.7590000000000003
0.00077741,-1.3,10.04139,0.7105824351,2.3828720728,0.71,-0.199,3.7751,4.541,1,0.0,0.54,0.0,0.0,0.0,0.0,0.0,-1,-5.05e-14,0.0,0.821,0.1784,0.0001094,2.97e-05,0.0002701,-1.0,0.0006046,5.267,21.85591177015782,22.13891177015782,21.39791177015782,0.7409999999999997
0.00077741,-1.3,10.04139,0.7226048112,2.3882887247,0.722,-0.142,3.7805,4.512,1,0.0,0.538,0.0,0.0,0.0,0.0,0.0,-1,-5.9e-14,0.0,0.8266,0.1728,0.0001063,2.895e-05,0.0002635,-1.0,0.0005679,5.124,21.71391177015782,21.986911770157818,21.26891177015782,0.7179999999999964
0.00077741,-1.3,10.04139,0.7337130904,2.3931125129,0.733,-0.087,3.7853,4.483,1,0.0,0.536,0.0,0.0,0.0,0.0,0.0,-1,-6.87e-14,0.0,0.832,0.1675,0.0001033,2.823e-05,0.0002571,-1.0,0.0005547,4.986,21.57891177015782,21.84291177015782,21.14391177015782,0.6989999999999981
0.00077741,-1.3,10.04139,0.7442204356,2.3975232707,0.744,-0.032,3.7896,4.452,1,0.0,0.534,0.0,0.0,0.0,0.0,0.0,-1,-8.02e-14,0.0,0.8372,0.1622,0.0001004,2.752e-05,0.0002509,-1.0,0.0005546,4.849,21.44291177015782,21.69991177015782,21.01791177015782,0.6819999999999986
0.00077741,-1.3,10.04139,0.75,2.3998889087,0.75,-0.001,3.7919,4.433,1,0.0,0.532,0.0,0.0,0.0,0.0,0.0,-1,-8.76e-14,0.0,0.8402,0.1592,9.88e-05,2.712e-05,0.0002473,-1.0,0.0005547,4.772,21.36691177015782,21.61891177015782,20.94691177015782,0.6720000000000006
0.00077741,-1.3,10.04139,0.7599964738,2.4038830642,0.759,0.055,3.7956,4.398,1,0.0,0.532,0.0,0.0,0.0,0.0,0.0,-1,-1.03e-13,0.0,0.8445,0.1549,9.674e-05,2.657e-05,0.0002425,-1.0,0.0005547,4.632,21.22691177015782,21.472911770157822,20.81491177015782,0.6580000000000013
0.00077741,-1.3,10.04139,0.7694097161,2.4075352783,0.769,0.112,3.799,4.359,1,0.0,0.531,0.0,0.0,0.0,0.0,0.0,-1,-1.22e-13,0.0,0.8483,0.1512,9.507e-05,2.613e-05,0.0002385,-1.0,0.0005547,4.489,21.08591177015782,21.32491177015782,20.681911770157818,0.6430000000000007
0.00077741,-1.3,10.04139,0.7780826092,2.4108104525,0.777,0.168,3.8019,4.32,1,0.0,0.531,0.0,0.0,0.0,0.0,0.0,-1,-1.44e-13,0.0,0.8513,0.1481,9.379e-05,2.579e-05,0.0002356,-1.0,0.0005547,4.35,20.94591177015782,21.18091177015782,20.54891177015782,0.6320000000000014
0.00077741,-1.3,10.04139,0.7861498594,2.4137824324,0.785,0.223,3.8042,4.279,1,0.0,0.53,0.0,0.0,0.0,0.0,0.0,-1,-1.71e-13,0.0,0.8538,0.1457,9.281e-05,2.553e-05,0.0002334,-1.0,0.0005512,4.212,20.80891177015782,21.03791177015782,20.41691177015782,0.6209999999999987
0.00077741,-1.3,10.04139,0.7933605313,2.4163801036,0.792,0.276,3.8059,4.237,1,0.0,0.53,0.0,0.0,0.0,0.0,0.0,-1,-2.01e-13,0.0,0.8554,0.1441,9.225e-05,2.539e-05,0.0002321,-1.0,0.0005692,4.081,20.67691177015782,20.90391177015782,20.28991177015782,0.6140000000000008
0.00077741,-1.3,10.04139,0.7996795774,2.4186123259,0.799,0.325,3.8068,4.194,1,0.0,0.53,0.0,0.0,0.0,0.0,0.0,-1,-2.36e-13,0.0,0.8555,0.144,9.238e-05,2.543e-05,0.0002326,-1.0,0.0005887,3.957,20.55291177015782,20.77691177015782,20.16791177015782,0.6090000000000018
0.00077741,-1.3,10.04139,0.8000000715,2.4187244613,0.799,0.328,3.8069,4.192,1,0.0,0.53,0.0,0.0,0.0,0.0,0.0,-1,-2.38e-13,0.0,0.8555,0.144,9.239e-05,2.544e-05,0.0002326,-1.0,0.0005896,3.951,20.54591177015782,20.77091177015782,20.16091177015782,0.6099999999999994
0.00077741,-1.3,10.04139,0.8013651371,2.4192009194,0.8,0.338,3.8071,4.183,1,0.0,0.53,0.0,0.0,0.0,0.0,0.0,-1,-2.47e-13,0.0,0.8551,0.1443,9.261e-05,2.55e-05,0.0002331,-1.0,0.000591,3.924,20.51891177015782,20.742911770157818,20.13491177015782,0.607999999999997
0.00077741,-1.3,10.04139,0.8015798926,2.4192757071,0.8,0.34,3.8071,4.181,1,0.0,0.53,0.0,0.0,0.0,0.0,0.0,-1,-2.48e-13,0.0,0.8551,0.1443,9.265e-05,2.551e-05,0.0002332,-1.0,0.000591,3.919,20.51391177015782,20.73891177015782,20.12991177015782,0.6090000000000018
0.00077741,-1.3,10.04139,0.8036567569,2.4199965953,0.803,0.359,3.807,4.164,1,0.0,0.53,0.0,0.0,0.0,0.0,0.0,-1,-2.64e-13,0.0,0.8545,0.1449,9.3e-05,2.561e-05,0.0002341,-1.0,0.000591,3.873,20.46791177015782,20.69191177015782,20.08391177015782,0.6080000000000005
0.00077741,-1.3,10.04139,0.8095914125,2.4220331166,0.808,0.414,3.8058,4.107,1,0.0,0.53,0.0,0.0,0.0,0.0,0.0,-1,-3.18e-13,0.0,0.853,0.1464,9.4e-05,2.588e-05,0.0002366,-1.0,0.000591,3.734,20.32791177015782,20.55291177015782,19.94191177015782,0.6110000000000007
0.00077741,-1.3,10.04139,0.8145754337,2.4237170825,0.813,0.467,3.8029,4.045,1,0.0,0.53,0.0,0.0,0.0,0.0,0.0,-1,-3.85e-13,0.0,0.8517,0.1477,9.484e-05,2.611e-05,0.0002388,-1.0,0.000591,3.602,20.19391177015782,20.42391177015782,19.80191177015782,0.6219999999999999
0.00077741,-1.3,10.04139,0.8154215813,2.4240006231,0.814,0.477,3.8022,4.033,1,0.0,0.53,0.0,0.0,0.0,0.0,0.0,-1,-4.01e-13,0.0,0.8515,0.1479,9.498e-05,2.615e-05,0.0002391,-1.0,0.000591,3.578,20.16891177015782,20.39991177015782,19.77691177015782,0.6230000000000011
0.00077741,-1.3,10.04139,0.8169882894,2.424523838,0.816,0.497,3.8001,4.005,2,0.0,0.53,0.0,0.0,0.0,0.0,0.0,-1,-4.32e-13,0.0,0.8511,0.1483,9.524e-05,2.622e-05,0.0002398,-1.0,0.0005911,3.528,20.11891177015782,20.35291177015782,19.72191177015782,0.6310000000000002
0.00077741,-1.3,10.04139,0.8200528026,2.4255406136,0.819,0.539,3.7939,3.939,2,0.0,0.53,0.0,0.0,0.0,0.0,0.0,-1,-5.11e-13,0.0,0.8503,0.1491,9.575e-05,2.636e-05,0.0002411,-1.0,0.000591,3.421,20.01091177015782,20.25491177015782,19.60091177015782,0.6539999999999999
0.00077741,-1.3,10.04139,0.822250247,2.426264341,0.821,0.574,3.7865,3.876,2,0.0,0.53,0.0,0.0,0.0,0.0,0.0,-1,-5.95e-13,0.0,0.8475,0.1519,9.765e-05,2.688e-05,0.0002458,-1.0,0.0005579,3.334,19.92291177015782,20.178911770157818,19.49691177015782,0.6819999999999986
0.00077741,-1.3,10.04139,0.8238863945,2.4268003229,0.822,0.602,3.7783,3.816,2,0.0,0.531,0.0,0.0,0.0,0.0,0.0,-1,-6.8e-13,0.0,0.8317,0.1677,0.0001067,2.933e-05,0.0002679,-1.0,0.0005868,3.264,19.85191177015782,20.12291177015782,19.408911770157818,0.7140000000000022
0.00077741,-1.3,10.04139,0.8254068494,2.4272962155,0.824,0.629,3.7682,3.749,2,0.0,0.533,0.0,0.0,0.0,0.0,0.0,-1,-7.82e-13,0.0,0.8058,0.1936,0.0001195,3.277e-05,0.0002987,-1.0,0.0006645,3.197,19.78491177015782,20.07391177015782,19.31991177015782,0.7540000000000013
0.00077741,-1.3,10.04139,0.8264880776,2.4276475791,0.825,0.652,3.7595,3.692,2,0.0,0.535,0.0,0.0,0.0,0.0,0.0,-1,-8.8e-13,0.0,0.787,0.2123,0.0001277,3.497e-05,0.0003183,-1.0,0.000723,3.139,19.72891177015782,20.03491177015782,19.245911770157818,0.7890000000000015
0.00077741,-1.3,10.04139,0.8274748325,2.4279673206,0.826,0.683,3.7513,3.629,2,0.0,0.536,0.0,0.0,0.0,0.0,0.0,-1,-1.01e-12,0.0,0.776,0.2233,0.0001326,3.626e-05,0.0003298,-1.0,0.0007418,3.063,19.65691177015782,19.97791177015782,19.15691177015782,0.8210000000000015
0.00077741,-1.3,10.04139,0.8282417059,2.4282152081,0.826,0.717,3.7456,3.573,2,0.0,0.536,0.0,0.0,0.0,0.0,0.0,-1,-1.17e-12,0.0,0.7704,0.2288,0.000135,3.692e-05,0.0003357,-1.0,0.0007673,2.978,19.57491177015782,19.90691177015782,19.062911770157818,0.8440000000000012
0.00077741,-1.3,10.04139,0.8289774656,2.4284525427,0.827,0.759,3.741,3.513,2,0.0,0.537,0.0,0.0,0.0,0.0,0.0,-1,-1.38e-12,0.0,0.7665,0.2327,0.0001367,3.738e-05,0.0003398,-1.0,0.0007821,2.873,19.47391177015782,19.81391177015782,18.95291177015782,0.8610000000000007
0.00077741,-1.3,10.04139,0.8290941715,2.428490144,0.827,0.767,3.7404,3.502,2,0.0,0.537,0.0,0.0,0.0,0.0,0.0,-1,-1.42e-12,0.0,0.766,0.2332,0.0001369,3.743e-05,0.0003402,-1.0,0.0007882,2.853,19.45291177015782,19.79491177015782,18.93091177015782,0.8640000000000008
0.00077741,-1.3,10.04139,0.8297080994,2.4286877447,0.828,0.812,3.7376,3.446,3,0.0,0.537,0.0,0.0,0.0,0.0,0.0,-1,-1.68e-12,0.0,0.7634,0.2358,0.0001378,3.768e-05,0.0003424,-1.0,0.0008029,2.739,19.34291177015782,19.68891177015782,18.81491177015782,0.8739999999999988
0.00077741,-1.3,10.04139,0.8302253485,2.4288539673,0.828,0.854,3.7355,3.396,3,0.0,0.537,0.0,0.0,0.0,0.0,0.0,-1,-1.96e-12,0.0,0.7614,0.2378,0.0001385,3.785e-05,0.000344,-1.0,0.0007658,2.635,19.24091177015782,19.59091177015782,18.70891177015782,0.8820000000000014
0.00077741,-1.3,10.04139,0.8307993412,2.4290381463,0.829,0.904,3.7334,3.338,3,0.0,0.537,0.0,0.0,0.0,0.0,0.0,-1,-2.35e-12,0.0,0.7592,0.24,0.0001391,3.802e-05,0.0003454,-1.0,0.0007962,2.51,19.117911770157818,19.47191177015782,18.58191177015782,0.8900000000000006
0.00077741,-1.3,10.04139,0.8313298821,2.4292081227,0.829,0.954,3.7316,3.281,3,0.0,0.537,0.0,0.0,0.0,0.0,0.0,-1,-2.81e-12,0.0,0.7572,0.242,0.0001395,3.816e-05,0.0003466,-1.0,0.0007603,2.384,18.99391177015782,19.35091177015782,18.45491177015782,0.8959999999999972
0.00077741,-1.3,10.04139,0.8318621516,2.4293784024,0.83,1.009,3.7298,3.219,3,0.0,0.536,0.0,0.0,0.0,0.0,0.0,-1,-3.42e-12,0.0,0.7551,0.2442,0.0001397,3.831e-05,0.0003476,-1.0,0.0007771,2.247,18.85891177015782,19.21991177015782,18.31691177015782,0.9030000000000022
0.00077741,-1.3,10.04139,0.8323335052,2.4295289852,0.83,1.062,3.7281,3.159,3,0.0,0.535,0.0,0.0,0.0,0.0,0.0,-1,-4.14e-12,0.0,0.7532,0.2461,0.0001396,3.854e-05,0.0003484,-1.0,0.0007666,2.115,18.72891177015782,19.09291177015782,18.18291177015782,0.9100000000000001
0.00077741,-1.3,10.04139,0.8327334523,2.4296566022,0.83,1.111,3.7266,3.105,3,0.0,0.532,0.0,0.0,0.0,0.0,0.0,-1,-4.94e-12,0.0,0.7515,0.2477,0.0001392,3.893e-05,0.0003489,-1.0,0.0007867,1.993,18.60891177015782,18.97491177015782,18.059911770157818,0.9150000000000027
0.00077741,-1.3,10.04139,0.8330464959,2.4297563913,0.831,1.152,3.7253,3.058,3,0.0,0.529,0.0,0.0,0.0,0.0,0.0,-1,-5.73e-12,0.0,0.7503,0.249,0.0001386,3.944e-05,0.0003493,-1.0,0.0007728,1.89,18.50691177015782,18.87591177015782,17.95691177015782,0.9190000000000005
0.00077741,-1.3,10.04139,0.8333931565,2.4298667959,0.831,1.202,3.7237,3.002,3,0.0,0.526,0.0,0.0,0.0,0.0,0.0,-1,-6.84e-12,0.0,0.7489,0.2503,0.0001377,4.031e-05,0.0003496,-1.0,0.0007791,1.765,18.38491177015782,18.75691177015782,17.83191177015782,0.9250000000000007
0.00077741,-1.3,10.04139,0.8337244987,2.4299722232,0.831,1.254,3.722,2.943,3,0.0,0.521,0.0,0.0,0.0,0.0,0.0,-1,-8.26e-12,0.0,0.7477,0.2515,0.0001366,4.147e-05,0.00035,-1.0,0.0007859,1.635,18.25691177015782,18.63191177015782,17.69991177015782,0.9320000000000022
0.00077741,-1.3,10.04139,0.8340246677,2.4300676486,0.831,1.306,3.7202,2.885,3,0.0,0.517,0.0,0.0,0.0,0.0,0.0,-1,-9.95e-12,0.0,0.7468,0.2524,0.0001356,4.266e-05,0.0003502,-1.0,0.000808,1.506,18.12991177015782,18.50891177015782,17.56891177015782,0.9400000000000013
0.00077741,-1.3,10.04139,0.8342866302,2.4301508634,0.831,1.355,3.7185,2.829,3,0.0,0.514,0.0,0.0,0.0,0.0,0.0,-1,-1.19e-11,0.0,0.746,0.2532,0.0001347,4.366e-05,0.0003504,-1.0,0.0007789,1.382,18.00891177015782,18.39091177015782,17.44491177015782,0.9460000000000015
0.00077741,-1.3,10.04139,0.834523499,2.4302260552,0.831,1.404,3.7167,2.773,3,0.0,0.511,0.0,0.0,0.0,0.0,0.0,-1,-1.42e-11,0.0,0.7455,0.2537,0.0001341,4.442e-05,0.0003505,-1.0,0.0007873,1.26,17.88991177015782,18.27591177015782,17.32191177015782,0.9540000000000006
0.00077741,-1.3,10.04139,0.8347365856,2.4302936557,0.831,1.452,3.7149,2.718,3,0.0,0.509,0.0,0.0,0.0,0.0,0.0,-1,-1.69e-11,0.0,0.7451,0.2541,0.0001336,4.498e-05,0.0003506,-1.0,0.0007855,1.14,17.77291177015782,18.16191177015782,17.20091177015782,0.9609999999999985
0.00077741,-1.3,10.04139,0.8349344134,2.4303563798,0.831,1.501,3.713,2.661,3,0.0,0.508,0.0,0.0,0.0,0.0,0.0,-1,-2.02e-11,0.0,0.7449,0.2543,0.0001334,4.533e-05,0.0003506,-1.0,0.0007996,1.018,17.65291177015782,18.04691177015782,17.07791177015782,0.9690000000000012
0.00077741,-1.3,10.04139,0.8351095319,2.4304118752,0.831,1.548,3.7111,2.606,3,0.0,0.507,0.0,0.0,0.0,0.0,0.0,-1,-2.4e-11,0.0,0.7448,0.2544,0.0001333,4.548e-05,0.0003506,-1.0,0.0007997,0.9,17.53791177015782,17.93591177015782,16.95891177015782,0.9770000000000003
0.00077741,-1.3,10.04139,0.8352728486,2.4304636064,0.831,1.596,3.7091,2.55,3,0.0,0.507,0.0,0.0,0.0,0.0,0.0,-1,-2.85e-11,0.0,0.7447,0.2545,0.0001332,4.552e-05,0.0003506,-1.0,0.0008,0.78,17.42191177015782,17.82291177015782,16.83791177015782,0.9849999999999994
0.00077741,-1.3,10.04139,0.8354172111,2.4305093144,0.831,1.642,3.7072,2.496,3,0.0,0.507,0.0,0.0,0.0,0.0,0.0,-1,-3.38e-11,0.0,0.7447,0.2545,0.0001332,4.553e-05,0.0003506,-1.0,0.0008002,0.664,17.30891177015782,17.71491177015782,16.72191177015782,0.9929999999999986
0.00077741,-1.3,10.04139,0.8355458379,2.4305500249,0.831,1.688,3.7052,2.443,3,0.0,0.507,0.0,0.0,0.0,0.0,0.0,-1,-3.99e-11,0.0,0.7447,0.2545,0.0001332,4.555e-05,0.0003506,-1.0,0.0008004,0.551,17.19891177015782,17.60991177015782,16.60691177015782,1.0030000000000001
0.00077741,-1.3,10.04139,0.835665226,2.4305877985,0.831,1.733,3.7032,2.39,3,0.0,0.507,0.0,0.0,0.0,0.0,0.0,-1,-4.71e-11,0.0,0.7447,0.2545,0.0001332,4.556e-05,0.0003507,-1.0,0.0008005,0.438,17.08891177015782,17.50391177015782,16.49191177015782,1.0120000000000005
0.00077741,-1.3,10.04139,0.8357710838,2.4306212808,0.831,1.777,3.7012,2.338,3,0.0,0.507,0.0,0.0,0.0,0.0,0.0,-1,-5.53e-11,0.0,0.7447,0.2545,0.0001332,4.558e-05,0.0003507,-1.0,0.0008007,0.329,16.98291177015782,17.40291177015782,16.38191177015782,1.0210000000000008
0.00077741,-1.3,10.04139,0.8358709216,2.43065285,0.831,1.821,3.6991,2.285,3,0.0,0.507,0.0,0.0,0.0,0.0,0.0,-1,-6.51e-11,0.0,0.7447,0.2545,0.0001332,4.559e-05,0.0003507,-1.0,0.0008008,0.218,16.87491177015782,17.30091177015782,16.26991177015782,1.0310000000000024
0.00077741,-1.3,10.04139,0.835960865,2.4306812832,0.831,1.864,3.697,2.234,3,0.0,0.507,0.0,0.0,0.0,0.0,0.0,-1,-7.62e-11,0.0,0.7447,0.2545,0.0001332,4.56e-05,0.0003507,-1.0,0.0008009,0.111,16.77191177015782,17.20291177015782,16.16191177015782,1.0410000000000004
0.00077741,-1.3,10.04139,0.8360449672,2.4307078634,0.83,1.906,3.6949,2.183,3,0.0,0.507,0.0,0.0,0.0,0.0,0.0,-1,-8.91e-11,0.0,0.7447,0.2545,0.0001332,4.561e-05,0.0003507,-1.0,0.000801,0.004,16.66991177015782,17.10591177015782,16.05491177015782,1.051000000000002
0.00077741,-1.3,10.04139,0.8361255527,2.4307333265,0.83,1.948,3.6929,2.133,3,0.0,0.507,0.0,0.0,0.0,0.0,0.0,-1,-1.04e-10,0.0,0.7447,0.2545,0.0001332,4.562e-05,0.0003507,-1.0,0.0008011,-0.1,16.56991177015782,17.01091177015782,15.94991177015782,1.0609999999999982
0.00077741,-1.3,10.04139,0.8362081647,2.430759424,0.83,1.986,3.691,2.087,3,0.0,0.507,0.0,0.0,0.0,0.0,0.0,-1,-1.2e-10,0.0,0.7447,0.2545,0.0001331,4.563e-05,0.0003507,-1.0,0.0008012,-0.195,16.47791177015782,16.92491177015782,15.85391177015782,1.0709999999999997
0.00077741,-1.3,10.04139,0.8362832069,2.430783125,0.829,2.012,3.6898,2.056,3,0.0,0.507,0.0,0.0,0.0,0.0,0.0,-1,-1.32e-10,0.0,0.7447,0.2545,0.0001331,4.564e-05,0.0003507,-1.0,0.0008014,-0.259,16.41691177015782,16.86591177015782,15.78991177015782,1.0759999999999987
0.00077741,-1.3,10.04139,0.8363373876,2.4308002342,0.829,1.994,3.691,2.079,3,0.0,0.507,0.0,0.0,0.0,0.0,0.0,-1,-1.25e-10,0.0,0.7447,0.2545,0.0001331,4.564e-05,0.0003507,-1.0,0.0008014,-0.215,16.45791177015782,16.90491177015782,15.83491177015782,1.0700000000000003
0.00077741,-1.3,10.04139,0.8363564014,2.4308062378,0.829,1.987,3.6915,2.087,3,0.0,0.507,0.0,0.0,0.0,0.0,0.0,-1,-1.21e-10,0.0,0.7447,0.2545,0.0001331,4.565e-05,0.0003507,-1.0,0.0008014,-0.198,16.47391177015782,16.91891177015782,15.85191177015782,1.0670000000000002
0.00077741,-1.3,10.04139,0.8364143968,2.4308245478,0.829,2.028,3.6893,2.037,3,0.0,0.507,0.0,0.0,0.0,0.0,0.0,-1,-1.4e-10,0.0,0.7447,0.2545,0.0001331,4.565e-05,0.0003507,-1.0,0.0008015,-0.301,16.37591177015782,16.82591177015782,15.74791177015782,1.0779999999999994
0.00077741,-1.3,10.04139,0.8364693522,2.4308418953,0.828,2.069,3.6871,1.988,3,0.0,0.507,0.0,0.0,0.0,0.0,0.0,-1,-1.63e-10,0.0,0.7447,0.2545,0.0001331,4.566e-05,0.0003507,-1.0,0.0008016,-0.403,16.27991177015782,16.73591177015782,15.64691177015782,1.0890000000000004
0.00077741,-1.3,10.04139,0.8365228772,2.4308587888,0.828,2.111,3.6849,1.936,3,0.0,0.507,0.0,0.0,0.0,0.0,0.0,-1,-1.9e-10,0.0,0.7446,0.2546,0.0001331,4.567e-05,0.0003507,-1.0,0.0008017,-0.508,16.17991177015782,16.64191177015782,15.54091177015782,1.100999999999999
0.00077741,-1.3,10.04139,0.8365726471,2.4308744949,0.828,2.153,3.6825,1.885,3,0.0,0.507,0.0,0.0,0.0,0.0,0.0,-1,-2.22e-10,0.0,0.7446,0.2546,0.0001331,4.567e-05,0.0003507,-1.0,0.0008017,-0.612,16.07891177015782,16.54991177015782,15.43491177015782,1.1150000000000002
0.00077741,-1.3,10.04139,0.836616993,2.4308884875,0.827,2.193,3.6802,1.836,3,0.0,0.507,0.0,0.0,0.0,0.0,0.0,-1,-2.58e-10,0.0,0.7446,0.2546,0.0001331,4.568e-05,0.0003507,-1.0,0.0008017,-0.713,15.98291177015782,16.46091177015782,15.33291177015782,1.128000000000002
0.00077741,-1.3,10.04139,0.8366582394,2.4309015005,0.827,2.233,3.6779,1.786,3,0.0,0.507,0.0,0.0,0.0,0.0,0.0,-1,-3e-10,0.0,0.7446,0.2546,0.0001331,4.568e-05,0.0003507,-1.0,0.0008018,-0.813,15.88791177015782,16.373911770157818,15.23091177015782,1.142999999999999
0.00077741,-1.3,10.04139,0.8366963863,2.4309135344,0.826,2.273,3.6755,1.736,3,0.0,0.507,0.0,0.0,0.0,0.0,0.0,-1,-3.48e-10,0.0,0.7446,0.2546,0.0001331,4.569e-05,0.0003507,-1.0,0.0008019,-0.912,15.79391177015782,16.28891177015782,15.12991177015782,1.1590000000000007
0.00077741,-1.3,10.04139,0.8367318511,2.4309247211,0.826,2.313,3.6732,1.687,3,0.0,0.507,0.0,0.0,0.0,0.0,0.0,-1,-4.04e-10,0.0,0.7446,0.2546,0.0001331,4.569e-05,0.0003507,-1.0,0.0008019,-1.012,15.69991177015782,16.20291177015782,15.02891177015782,1.1739999999999995
0.00077741,-1.3,10.04139,0.8367635608,2.4309347223,0.825,2.351,3.6708,1.639,3,0.0,0.507,0.0,0.0,0.0,0.0,0.0,-1,-4.66e-10,0.0,0.7446,0.2546,0.0001331,4.569e-05,0.0003507,-1.0,0.0008019,-1.107,15.61091177015782,16.12291177015782,14.93291177015782,1.1900000000000013
0.00077741,-1.3,10.04139,0.8367932439,2.4309440836,0.824,2.389,3.6684,1.59,3,0.0,0.507,0.0,0.0,0.0,0.0,0.0,-1,-5.38e-10,0.0,0.7446,0.2546,0.0001331,4.57e-05,0.0003507,-1.0,0.000802,-1.204,15.52091177015782,16.04291177015782,14.83591177015782,1.206999999999999
0.00077741,-1.3,10.04139,0.8368268609,2.4309546846,0.824,2.436,3.6654,1.531,3,0.0,0.507,0.0,0.0,0.0,0.0,0.0,-1,-6.42e-10,0.0,0.7446,0.2546,0.0001331,4.57e-05,0.0003507,-1.0,0.000802,-1.321,15.41291177015782,15.94691177015782,14.71891177015782,1.2279999999999998
0.00077741,-1.3,10.04139,0.8368570805,2.4309642134,0.823,2.482,3.6624,1.473,3,0.0,0.507,0.0,0.0,0.0,0.0,0.0,-1,-7.63e-10,0.0,0.7446,0.2546,0.0001331,4.571e-05,0.0003507,-1.0,0.000802,-1.435,15.30791177015782,15.85491177015782,14.60391177015782,1.2509999999999994
0.00077741,-1.3,10.04139,0.8368852139,2.4309730837,0.822,2.528,3.6594,1.414,3,0.0,0.507,8.11,6.28,4.43,3.43,2.78,3,-9.08e-10,0.0,0.7446,0.2546,0.0001331,4.571e-05,0.0003507,-1.0,0.0008021,-1.55,15.20391177015782,15.76391177015782,14.48991177015782,1.274000000000001
0.00077741,-1.3,10.04139,0.8369103074,2.4309809949,0.82,2.572,3.6564,1.358,3,0.0,0.507,9.14,6.95,4.89,3.79,3.07,3,-1.07e-09,0.0,0.7446,0.2546,0.0001331,4.571e-05,0.0003507,-1.0,0.0008021,-1.66,15.10591177015782,15.679911770157819,14.38191177015782,1.2979999999999983
0.00077741,-1.3,10.04139,0.8369333148,2.430988248,0.819,2.616,3.6534,1.301,3,0.0,0.507,10.28,7.69,5.38,4.18,3.38,3,-1.27e-09,0.0,0.7446,0.2546,0.0001331,4.571e-05,0.0003507,-1.0,0.0008022,-1.77,15.009911770157819,15.59591177015782,14.27691177015782,1.318999999999999
0.00077741,-1.3,10.04139,0.8369554281,2.4309952188,0.818,2.661,3.6504,1.243,3,0.0,0.507,11.63,8.55,5.95,4.63,3.75,3,-1.51e-09,0.0,0.7446,0.2546,0.0001331,4.572e-05,0.0003507,-1.0,0.0008021,-1.883,14.91091177015782,15.509911770157819,14.16791177015782,1.3419999999999987
0.00077741,-1.3,10.04139,0.8369745016,2.431001231,0.817,2.703,3.6474,1.188,3,0.0,0.507,13.05,9.43,6.54,5.09,4.12,3,-1.77e-09,0.0,0.7446,0.2546,0.0001331,4.572e-05,0.0003507,-1.0,0.0008022,-1.988,14.81991177015782,15.43191177015782,14.06791177015782,1.363999999999999
0.00077741,-1.3,10.04139,0.8369925022,2.4310069047,0.815,2.746,3.6444,1.133,3,0.0,0.507,14.66,10.42,7.19,5.61,4.54,2,-2.08e-09,0.0,0.7446,0.2546,0.0001331,4.572e-05,0.0003507,-1.0,0.0008022,-2.094,14.72891177015782,15.35391177015782,13.96791177015782,1.386000000000001
0.00077741,-1.3,10.04139,0.8370094895,2.4310122588,0.813,2.789,3.6413,1.076,3,0.0,0.507,16.51,11.53,7.93,6.19,5.02,2,-2.46e-09,0.0,0.7446,0.2546,0.0001331,4.572e-05,0.0003507,-1.0,0.0008022,-2.203,14.63591177015782,15.27391177015782,13.86491177015782,1.4090000000000007
0.00077741,-1.3,10.04139,0.8370242119,2.4310168988,0.812,2.829,3.6383,1.024,3,0.0,0.507,18.45,12.68,8.68,6.78,5.5,2,-2.87e-09,0.0,0.7446,0.2546,0.0001331,4.573e-05,0.0003507,-1.0,0.0008022,-2.302,14.551911770157819,15.20291177015782,13.77191177015782,1.431000000000001
0.00077741,-1.3,10.04139,0.8370383978,2.4310213695,0.81,2.87,3.6353,0.969,3,0.0,0.507,20.69,13.99,9.53,7.46,6.05,2,-3.36e-09,0.0,0.7446,0.2546,0.0001331,4.573e-05,0.0003507,-1.0,0.0008023,-2.406,14.46591177015782,15.13091177015782,13.67591177015782,1.455
0.00077741,-1.3,10.04139,0.8370517492,2.4310255771,0.807,2.912,3.6323,0.914,3,0.0,0.507,23.22,15.43,10.46,8.21,6.66,2,-3.94e-09,0.0,0.7446,0.2546,0.0001331,4.573e-05,0.0003507,-1.0,0.0008023,-2.51,14.37991177015782,15.06091177015782,13.57991177015782,1.4809999999999999
0.00077741,-1.3,10.04139,0.8370633125,2.4310292211,0.805,2.95,3.6293,0.863,3,0.0,0.507,25.88,16.93,11.43,8.98,7.28,2,-4.58e-09,0.0,0.7446,0.2546,0.0001331,4.573e-05,0.0003507,-1.0,0.0008023,-2.606,14.301911770157819,14.99891177015782,13.49191177015782,1.5069999999999997
0.00077741,-1.3,10.04139,0.837074399,2.4310327147,0.803,2.989,3.6263,0.81,3,0.0,0.507,28.9,18.6,12.5,9.84,7.98,1,-5.33e-09,0.0,0.7446,0.2546,0.0001331,4.573e-05,0.0003507,-1.0,0.0008023,-2.704,14.22291177015782,14.93691177015782,13.40291177015782,1.5340000000000007
0.00077741,-1.3,10.04139,0.8370851874,2.4310361143,0.8,3.03,3.6233,0.756,3,0.0,0.507,32.36,20.48,13.71,10.8,8.77,1,-6.23e-09,0.0,0.7446,0.2546,0.0001331,4.573e-05,0.0003507,-1.0,0.0008022,-2.804,14.141911770157819,14.87191177015782,13.31091177015782,1.561
0.00077741,-1.3,10.04139,0.8370945454,2.431039063,0.797,3.067,3.6204,0.706,3,0.0,0.507,35.98,22.42,14.94,11.79,9.57,1,-7.21e-09,0.0,0.7446,0.2546,0.0001331,4.573e-05,0.0003507,-1.0,0.0008024,-2.898,14.06791177015782,14.81291177015782,13.22691177015782,1.5860000000000003
0.00077741,-1.3,10.04139,0.8371039033,2.4310420116,0.794,3.106,3.6174,0.653,3,0.0,0.507,40.22,24.65,16.36,12.93,10.5,1,-8.41e-09,0.0,0.7446,0.2546,0.0001331,4.574e-05,0.0003507,-1.0,0.0008024,-2.995,13.990911770157819,14.75291177015782,13.138911770157819,1.6140000000000008
0.00077741,-1.3,10.04139,0.8371124864,2.4310447161,0.79,3.144,3.6144,0.601,3,0.0,0.507,44.84,27.04,17.87,14.14,11.48,1,-9.77e-09,0.0,0.7446,0.2546,0.0001331,4.574e-05,0.0003507,-1.0,0.0008024,-3.091,13.91591177015782,14.69491177015782,13.05391177015782,1.641
0.00077741,-1.3,10.04139,0.8371204138,2.4310472138,0.786,3.182,3.6116,0.55,3,0.0,0.507,49.89,29.6,19.48,15.44,12.54,1,-1.13e-08,0.0,0.7446,0.2546,0.0001331,4.574e-05,0.0003507,-1.0,0.0008023,-3.184,13.84291177015782,14.63891177015782,12.97091177015782,1.668000000000001
0.00077741,-1.3,10.04139,0.8371279836,2.4310495989,0.782,3.219,3.6086,0.499,3,0.0,0.507,55.6,32.45,21.27,16.88,13.71,1,-1.31e-08,0.0,0.7446,0.2546,0.0001331,4.574e-05,0.0003507,-1.0,0.0008024,-3.278,13.77091177015782,14.583911770157819,12.888911770157819,1.6950000000000003
0.00077741,-1.3,10.04139,0.8371351361,2.4310518524,0.777,3.256,3.6058,0.447,3,0.0,0.507,61.91,35.55,23.2,18.44,14.99,1,-1.52e-08,0.0,0.7446,0.2546,0.0001331,4.574e-05,0.0003507,-1.0,0.0008024,-3.371,13.70091177015782,14.53491177015782,12.80791177015782,1.7270000000000003
0.00077741,-1.3,10.04139,0.8371418118,2.4310539557,0.772,3.291,3.6031,0.399,3,0.0,0.507,68.54,38.74,25.18,20.05,16.29,1,-1.75e-08,0.0,0.7446,0.2546,0.0001331,4.574e-05,0.0003507,-1.0,0.0008024,-3.458,13.63591177015782,14.48991177015782,12.73291177015782,1.7569999999999997
0.00077741,-1.3,10.04139,0.8371468782,2.4310555519,0.768,3.317,3.6011,0.363,3,0.0,0.507,73.95,41.31,26.76,21.34,17.34,1,-1.95e-08,0.0,0.7446,0.2546,0.0001331,4.574e-05,0.0003507,-1.0,0.0008024,-3.523,13.58791177015782,14.45691177015782,12.676911770157819,1.7800000000000011
